Installment Serial,Installment Date,Installment Amount,Max Grace Date
1,2021-03-01,19444.444444444445,2021-03-04
2,2021-04-01,19444.444444444445,2021-04-04
3,2021-05-01,19444.444444444445,2021-05-04
4,2021-06-01,19444.444444444445,2021-06-06
5,2021-07-01,19444.444444444445,2021-07-04
6,2021-08-01,19444.444444444445,2021-08-04
7,2021-09-01,19444.444444444445,2021-09-05
8,2021-10-01,19444.444444444445,2021-10-04
9,2021-11-01,19444.444444444445,2021-11-04
10,2021-12-01,19444.444444444445,2021-12-05
11,2022-01-01,19444.444444444445,2022-01-04
12,2022-02-01,19444.444444444445,2022-02-06
13,2022-03-01,19444.444444444445,2022-03-06
14,2022-04-01,19444.444444444445,2022-04-04
15,2022-05-01,19444.444444444445,2022-05-04
16,2022-06-01,19444.444444444445,2022-06-05
17,2022-07-01,19444.444444444445,2022-07-04
18,2022-08-01,19444.444444444445,2022-08-04
19,2022-09-01,19444.444444444445,2022-09-04
20,2022-10-01,19444.444444444445,2022-10-04
21,2022-11-01,19444.444444444445,2022-11-06
22,2022-12-01,19444.444444444445,2022-12-04
23,2023-01-01,19444.444444444445,2023-01-04
24,2023-02-01,19444.444444444445,2023-02-05
25,2023-03-01,19444.444444444445,2023-03-05
26,2023-04-01,19444.444444444445,2023-04-04
27,2023-05-01,19444.444444444445,2023-05-04
28,2023-06-01,19444.444444444445,2023-06-04
29,2023-07-01,19444.444444444445,2023-07-04
30,2023-08-01,19444.444444444445,2023-08-06
31,2023-09-01,19444.444444444445,2023-09-04
32,2023-10-01,19444.444444444445,2023-10-04
33,2023-11-01,19444.444444444445,2023-11-05
34,2023-12-01,19444.444444444445,2023-12-04
35,2024-01-01,19444.444444444445,2024-01-04
36,2024-02-01,19444.444444444445,2024-02-04
